market,strategy,venue,bets,races,bets_per_race,hits,hit_rate,roi,roi_without_max,max_payout,max_share
jra,current_win_axis_max6,中京,2246,388,5.788659793814433,185,8.23686553873553,94.3766696349065,91.47818343722173,6510.0,0.030711893192432893
jra,current_win_axis_max6,中山,2846,486,5.8559670781893,227,7.97610681658468,82.92340126493323,81.33872101194659,4510.0,0.019110169491525424
jra,current_win_axis_max6,京都,2643,457,5.783369803063457,206,7.794173287930382,83.41657207718502,79.68974650018917,9850.0,0.044677280355603935
jra,current_win_axis_max6,函館,839,144,5.826388888888889,84,10.011918951132301,103.3253873659118,97.33015494636471,5030.0,0.05802284000461414
jra,current_win_axis_max6,小倉,1285,220,5.840909090909091,86,6.692607003891051,101.90661478599222,88.94163424124514,16660.0,0.1272241313478427
jra,current_win_axis_max6,新潟,1577,271,5.819188191881919,109,6.911857958148383,74.95244134432467,71.38871274571972,5620.0,0.047546531302876484
jra,current_win_axis_max6,札幌,982,168,5.845238095238095,90,9.164969450101832,83.92057026476579,81.35437881873727,2520.0,0.030578813250819074
jra,current_win_axis_max6,東京,3118,532,5.860902255639098,284,9.108402822322,82.57536882617062,80.11225144323284,7680.0,0.02982871790888259
jra,current_win_axis_max6,福島,1327,229,5.794759825327511,93,7.008289374529013,73.04446119065561,68.28183873398643,6320.0,0.06520169194263901
jra,current_win_axis_max6,阪神,2648,456,5.807017543859649,218,8.23262839879154,79.0558912386707,76.2726586102719,7370.0,0.0352058851628929
jra,win_axis1_max3,中京,1140,388,2.9381443298969074,100,8.771929824561402,83.75438596491227,80.51754385964912,3690.0,0.03864683703393381
jra,win_axis1_max3,中山,1448,486,2.9794238683127574,120,8.287292817679557,69.98618784530387,67.2513812154696,3960.0,0.03907637655417407
jra,win_axis1_max3,京都,1334,456,2.925438596491228,128,9.5952023988006,86.34932533733134,83.83058470764618,3360.0,0.029169198715166246
jra,win_axis1_max3,函館,427,144,2.9652777777777777,49,11.475409836065573,110.86651053864169,99.08665105386417,5030.0,0.10625264047317279
jra,win_axis1_max3,小倉,656,220,2.981818181818182,47,7.164634146341463,88.09451219512195,74.7560975609756,8750.0,0.15141027859491263
jra,win_axis1_max3,新潟,800,271,2.952029520295203,66,8.25,81.1,74.075,5620.0,0.08662145499383476
jra,win_axis1_max3,札幌,495,168,2.9464285714285716,55,11.11111111111111,87.45454545454545,83.11111111111111,2150.0,0.049665049665049664
jra,win_axis1_max3,東京,1587,532,2.9830827067669174,168,10.58601134215501,77.94580970384374,75.86641461877757,3300.0,0.02667744543249798
jra,win_axis1_max3,福島,670,229,2.925764192139738,55,8.208955223880597,78.56716417910448,74.4776119402985,2740.0,0.05205167173252279
jra,win_axis1_max3,阪神,1344,456,2.9473684210526314,132,9.821428571428571,71.13095238095238,69.28571428571429,2480.0,0.02594142259414226
jra,place_axis1_max3,中京,1150,388,2.963917525773196,112,9.73913043478261,97.76521739130435,93.83478260869565,4520.0,0.04020279284888375
jra,place_axis1_max3,中山,1457,486,2.9979423868312756,124,8.51063829787234,72.26492793411118,69.35483870967742,4240.0,0.04026973121853927
jra,place_axis1_max3,京都,1358,457,2.9715536105032823,126,9.278350515463918,81.04565537555229,78.34315169366715,3670.0,0.03334544793748864
jra,place_axis1_max3,函館,432,144,3.0,53,12.268518518518519,100.97222222222223,89.32870370370371,5030.0,0.11531407611187529
jra,place_axis1_max3,小倉,659,220,2.9954545454545456,54,8.19423368740516,106.25189681335357,92.9742033383915,8750.0,0.12496429591545273
jra,place_axis1_max3,新潟,810,271,2.988929889298893,66,8.148148148148149,78.35802469135803,71.41975308641975,5620.0,0.0885457696549551
jra,place_axis1_max3,札幌,500,168,2.9761904761904763,57,11.4,97.62,91.42,3100.0,0.06351157549682442
jra,place_axis1_max3,東京,1593,532,2.994360902255639,174,10.922787193973635,84.2435655994978,79.42247332077841,7680.0,0.05722801788375559
jra,place_axis1_max3,福島,687,229,3.0,57,8.296943231441048,70.53857350800583,66.55021834061135,2740.0,0.05654147750722245
jra,place_axis1_max3,阪神,1358,456,2.9780701754385963,133,9.793814432989691,73.2179675994109,71.2739322533137,2640.0,0.0265513426531228
jra,pair_probability_top1,中京,388,388,1.0,63,16.237113402061855,120.6701030927835,114.20103092783505,2510.0,0.05360956856044426
jra,pair_probability_top1,中山,486,486,1.0,54,11.11111111111111,61.60493827160494,59.15637860082305,1190.0,0.03974615898463594
jra,pair_probability_top1,京都,457,457,1.0,64,14.00437636761488,101.55361050328227,90.10940919037199,5230.0,0.11269123033828916
jra,pair_probability_top1,函館,144,144,1.0,23,15.972222222222221,110.20833333333333,91.875,2640.0,0.166351606805293
jra,pair_probability_top1,小倉,220,220,1.0,28,12.727272727272727,84.0,77.95454545454545,1330.0,0.07196969696969698
jra,pair_probability_top1,新潟,271,271,1.0,23,8.487084870848708,61.43911439114391,56.752767527675275,1270.0,0.07627627627627627
jra,pair_probability_top1,札幌,168,168,1.0,22,13.095238095238097,86.48809523809524,74.58333333333333,2000.0,0.13764624913971094
jra,pair_probability_top1,東京,532,532,1.0,75,14.097744360902256,75.05639097744361,72.63157894736842,1290.0,0.032306536438767845
jra,pair_probability_top1,福島,229,229,1.0,30,13.100436681222707,91.57205240174673,84.8471615720524,1540.0,0.07343824511206486
jra,pair_probability_top1,阪神,456,456,1.0,62,13.596491228070176,81.51315789473684,77.71929824561404,1730.0,0.04654291094969061
jra,pair_probability_top2,中京,776,388,2.0,111,14.304123711340205,109.78092783505154,106.54639175257732,2510.0,0.029463552060100952
jra,pair_probability_top2,中山,972,486,2.0,95,9.77366255144033,63.73456790123457,61.54320987654321,2130.0,0.03438256658595642
jra,pair_probability_top2,京都,914,457,2.0,106,11.597374179431071,88.09628008752735,82.3741794310722,5230.0,0.06495280675608545
jra,pair_probability_top2,函館,288,144,2.0,40,13.88888888888889,97.04861111111111,87.88194444444444,2640.0,0.09445438282647585
jra,pair_probability_top2,小倉,440,220,2.0,48,10.909090909090908,84.72727272727273,77.1590909090909,3330.0,0.08932403433476395
jra,pair_probability_top2,新潟,542,271,2.0,38,7.011070110701106,51.07011070110701,47.97047970479705,1680.0,0.06069364161849711
jra,pair_probability_top2,札幌,336,168,2.0,42,12.5,96.75595238095238,90.35714285714286,2150.0,0.06613349738541988
jra,pair_probability_top2,東京,1064,532,2.0,148,13.909774436090224,82.93233082706767,81.2406015037594,1800.0,0.020398912058023574
jra,pair_probability_top2,福島,458,229,2.0,51,11.135371179039302,77.5764192139738,74.21397379912663,1540.0,0.043343653250773995
jra,pair_probability_top2,阪神,912,456,2.0,119,13.048245614035087,84.08991228070175,81.37061403508773,2480.0,0.032337984091798146
jra,pair_probability_top3,中京,1160,388,2.9896907216494846,137,11.810344827586206,97.66379310344827,95.5,2510.0,0.0221555300556095
jra,pair_probability_top3,中山,1458,486,3.0,128,8.77914951989026,65.1440329218107,62.85322359396434,3340.0,0.03516529795746473
jra,pair_probability_top3,京都,1369,457,2.9956236323851204,148,10.81081081081081,85.36888239590942,81.54857560262965,5230.0,0.044750577564815604
jra,pair_probability_top3,函館,432,144,3.0,52,12.037037037037036,86.68981481481481,80.57870370370371,2640.0,0.07049399198931909
jra,pair_probability_top3,小倉,660,220,3.0,66,10.0,97.83333333333333,91.12121212121212,4430.0,0.06860771256001238
jra,pair_probability_top3,新潟,813,271,3.0,64,7.872078720787208,63.456334563345635,60.2460024600246,2610.0,0.05059119984493119
jra,pair_probability_top3,札幌,504,168,3.0,67,13.293650793650794,111.32936507936508,105.17857142857143,3100.0,0.055248618784530384
jra,pair_probability_top3,東京,1596,532,3.0,202,12.656641604010025,84.77443609022556,82.91353383458646,2970.0,0.02195121951219512
jra,pair_probability_top3,福島,687,229,3.0,66,9.606986899563319,77.27802037845706,73.2896652110626,2740.0,0.051610472782068186
jra,pair_probability_top3,阪神,1367,456,2.9978070175438596,154,11.265544989027067,77.90782735918069,76.07900512070226,2500.0,0.023474178403755867
jra,independent_product_top1,中京,388,388,1.0,53,13.65979381443299,134.7164948453608,125.20618556701031,3690.0,0.07059498756456858
jra,independent_product_top1,中山,486,486,1.0,47,9.670781893004115,63.1275720164609,58.74485596707819,2130.0,0.06942633637548892
jra,independent_product_top1,京都,457,457,1.0,59,12.910284463894966,118.99343544857769,110.96280087527353,3670.0,0.06748804707613093
jra,independent_product_top1,函館,144,144,1.0,22,15.277777777777779,122.43055555555556,104.09722222222223,2640.0,0.1497447532614861
jra,independent_product_top1,小倉,220,220,1.0,28,12.727272727272727,128.86363636363637,108.72727272727273,4430.0,0.1562610229276896
jra,independent_product_top1,新潟,271,271,1.0,17,6.273062730627306,48.00738007380074,42.61992619926199,1460.0,0.11222136817832437
jra,independent_product_top1,札幌,168,168,1.0,19,11.30952380952381,118.39285714285714,99.94047619047619,3100.0,0.1558572146807441
jra,independent_product_top1,東京,532,532,1.0,68,12.781954887218044,93.36466165413533,78.92857142857143,7680.0,0.15462049526877392
jra,independent_product_top1,福島,229,229,1.0,22,9.606986899563319,81.92139737991266,72.75109170305677,2100.0,0.11194029850746269
jra,independent_product_top1,阪神,456,456,1.0,51,11.18421052631579,70.76754385964912,65.32894736842105,2480.0,0.07685156492097923
jra,independent_product_top2,中京,776,388,2.0,85,10.95360824742268,111.99742268041237,106.14690721649484,4540.0,0.05223794730180647
jra,independent_product_top2,中山,972,486,2.0,96,9.876543209876543,78.37448559670781,73.73456790123457,4510.0,0.05920189025991074
jra,independent_product_top2,京都,914,457,2.0,104,11.37855579868709,107.98687089715536,102.26477024070022,5230.0,0.05298885511651469
jra,independent_product_top2,函館,288,144,2.0,39,13.541666666666666,134.65277777777777,115.9375,5390.0,0.13898916967509026
jra,independent_product_top2,小倉,440,220,2.0,46,10.454545454545453,117.95454545454545,98.06818181818181,8750.0,0.16859344894026976
jra,independent_product_top2,新潟,542,271,2.0,39,7.195571955719557,68.3210332103321,60.571955719557195,4200.0,0.11342155009451796
jra,independent_product_top2,札幌,336,168,2.0,36,10.714285714285714,105.29761904761905,96.07142857142857,3100.0,0.08762012436404748
jra,independent_product_top2,東京,1064,532,2.0,133,12.5,94.40789473684211,87.18984962406014,7680.0,0.07645594823295172
jra,independent_product_top2,福島,458,229,2.0,44,9.606986899563319,84.51965065502183,79.51965065502183,2290.0,0.059157840351330405
jra,independent_product_top2,阪神,912,456,2.0,92,10.087719298245613,70.24122807017544,65.49342105263158,4330.0,0.06759288167343115
jra,independent_product_top3,中京,1160,388,2.9896907216494846,127,10.948275862068964,120.43103448275862,114.81896551724138,6510.0,0.04659985683607731
jra,independent_product_top3,中山,1458,486,3.0,131,8.984910836762689,78.03840877914952,74.94513031550069,4510.0,0.039637897697310596
jra,independent_product_top3,京都,1369,457,2.9956236323851204,142,10.372534696859022,103.48429510591673,99.66398831263696,5230.0,0.03691677842874285
jra,independent_product_top3,函館,432,144,3.0,53,12.268518518518519,114.72222222222223,102.24537037037037,5390.0,0.10875706214689265
jra,independent_product_top3,小倉,660,220,3.0,60,9.090909090909092,99.78787878787878,86.53030303030303,8750.0,0.1328575766778014
jra,independent_product_top3,新潟,813,271,3.0,58,7.134071340713407,65.85485854858548,60.68880688806888,4200.0,0.07844602166604409
jra,independent_product_top3,札幌,504,168,3.0,58,11.507936507936508,104.12698412698413,97.97619047619048,3100.0,0.05907012195121951
jra,independent_product_top3,東京,1596,532,3.0,182,11.403508771929824,86.97994987468671,82.16791979949875,7680.0,0.05532344042645152
jra,independent_product_top3,福島,687,229,3.0,64,9.315866084425037,89.83988355167395,80.64046579330422,6320.0,0.10239792611795204
jra,independent_product_top3,阪神,1367,456,2.9978070175438596,132,9.656181419166057,70.98024871982443,67.81272860277981,4330.0,0.04462537359579512
local,current_win_axis_max6,佐賀,11208,1927,5.816294758692268,1342,11.97359029264811,75.53443968593862,74.76802284082798,8590.0,0.010146588076873103
local,current_win_axis_max6,名古屋,12750,2200,5.795454545454546,1263,9.905882352941177,73.88078431372548,73.24392156862746,8120.0,0.008620140555001168
local,current_win_axis_max6,園田,13487,2358,5.719677692960135,1447,10.728850003707274,70.33439608511901,69.56031734262623,10440.0,0.011005692599620493
local,current_win_axis_max6,大井,9823,1700,5.778235294117647,958,9.752621398758016,73.28514710373614,72.5511554514914,7210.0,0.010015558148580319
local,current_win_axis_max6,姫路,3167,551,5.747731397459165,314,9.914745816229871,59.40637827597095,58.10546258288601,4120.0,0.021898586159243116
local,current_win_axis_max6,川崎,6527,1134,5.755731922398589,600,9.192584648383637,73.06725907767733,71.30994331239467,11470.0,0.024050659453565663
local,current_win_axis_max6,水沢,6777,1175,5.767659574468085,691,10.196252028921352,73.77895824110963,72.93935369632581,5690.0,0.01138
local,current_win_axis_max6,浦和,6136,1063,5.7723424270931325,632,10.29986962190352,73.08018252933508,71.84973924380704,7550.0,0.01683689398331921
local,current_win_axis_max6,盛岡,5664,994,5.698189134808853,591,10.434322033898304,74.91172316384181,73.53283898305085,7810.0,0.018406787650247468
local,current_win_axis_max6,笠松,8817,1534,5.747718383311604,1130,12.816150618124079,80.45366904842918,79.64160145174095,7160.0,0.010093605503552499
local,current_win_axis_max6,船橋,6283,1095,5.737899543378996,621,9.8838134649053,73.60814897342034,72.820308769696,4950.0,0.010703165542293721
local,current_win_axis_max6,金沢,7843,1388,5.650576368876081,1005,12.813974244549279,73.47316078031365,72.84202473543287,4950.0,0.00859002169197397
local,current_win_axis_max6,門別,7969,1380,5.774637681159421,877,11.005144936629438,74.09085205170034,72.2913790939892,14340.0,0.02428738377114984
local,current_win_axis_max6,高知,10562,1826,5.784227820372399,1266,11.98636621851922,79.51997727703086,78.90645711039576,6480.0,0.007715296050673302
local,win_axis1_max3,佐賀,5680,1927,2.9475869226777376,797,14.031690140845072,78.52640845070422,77.01408450704226,8590.0,0.019258794251507744
local,win_axis1_max3,名古屋,6511,2200,2.9595454545454545,753,11.565043772078022,70.92458915681155,69.67746889878667,8120.0,0.017583750189480066
local,win_axis1_max3,園田,6867,2357,2.9134492999575734,874,12.7275374981797,73.36245813310033,72.01397990388816,9260.0,0.01838103934257017
local,win_axis1_max3,大井,4993,1700,2.9370588235294117,583,11.676346885639896,76.62527538553975,75.18125375525736,7210.0,0.01884523902872527
local,win_axis1_max3,姫路,1607,551,2.9165154264972775,174,10.827629122588675,56.82638456751711,54.91599253266957,3070.0,0.03361804643013579
local,win_axis1_max3,川崎,3314,1134,2.9223985890652555,361,10.893180446590222,76.29450814725408,74.8340374170187,4840.0,0.019142540737225124
local,win_axis1_max3,水沢,3443,1175,2.930212765957447,398,11.559686320069707,71.53064188207958,69.87801336044147,5690.0,0.02310378431054085
local,win_axis1_max3,浦和,3121,1063,2.936030103480715,360,11.534764498558154,70.09932713873758,69.07081063761615,3210.0,0.014672273516774843
local,win_axis1_max3,盛岡,2901,994,2.9185110663983904,350,12.06480523957256,71.9786280592899,69.28645294725956,7810.0,0.037402423255591205
local,win_axis1_max3,笠松,4489,1533,2.9282452707110243,668,14.880819781688572,79.73490755179327,78.13989752728892,7160.0,0.020003911379319977
local,win_axis1_max3,船橋,3203,1095,2.9251141552511415,383,11.95753980643147,75.20449578520137,74.04308460817983,3720.0,0.015443374294254401
local,win_axis1_max3,金沢,4005,1388,2.8854466858789625,603,15.056179775280897,74.44694132334581,73.56803995006243,3520.0,0.011805741883552455
local,win_axis1_max3,門別,4041,1380,2.9282608695652175,502,12.422667656520662,69.30957683741649,68.42613214550853,3570.0,0.012746358183376178
local,win_axis1_max3,高知,5369,1826,2.9403066812705365,768,14.304339728068541,81.05047494878004,79.84354628422425,6480.0,0.01489107454729295
local,place_axis1_max3,佐賀,5723,1927,2.969901401141671,818,14.293202865629913,75.10920845710292,73.6082474226804,8590.0,0.01998371524950564
local,place_axis1_max3,名古屋,6574,2200,2.9881818181818183,782,11.895345299665347,74.30179494980226,73.06662610282933,8120.0,0.01662367440527372
local,place_axis1_max3,園田,6977,2358,2.958863443596268,897,12.856528593951555,69.84233911423247,68.51512111222588,9260.0,0.019003057727431303
local,place_axis1_max3,大井,5041,1700,2.965294117647059,594,11.783376314223368,72.12061098988296,71.14263043047015,4930.0,0.013560347673011333
local,place_axis1_max3,姫路,1634,551,2.9655172413793105,201,12.30110159118727,65.29987760097919,63.421052631578945,3070.0,0.028772258669165884
local,place_axis1_max3,川崎,3366,1134,2.9682539682539684,369,10.962566844919785,72.25193107546049,71.16161616161617,3670.0,0.01509046052631579
local,place_axis1_max3,水沢,3491,1175,2.971063829787234,416,11.916356344886852,72.76997994843884,71.14007447722716,5690.0,0.022398047551566682
local,place_axis1_max3,浦和,3153,1063,2.9661335841956724,395,12.527751347922614,76.56517602283539,75.54709800190295,3210.0,0.01329688082515223
local,place_axis1_max3,盛岡,2939,994,2.956740442655936,366,12.453215379380742,73.46036066689351,72.19802653963933,3710.0,0.017183881426586382
local,place_axis1_max3,笠松,4531,1534,2.953715775749674,683,15.073935113661443,80.6400353122931,79.05981019642464,7160.0,0.019596037002572664
local,place_axis1_max3,船橋,3240,1095,2.958904109589041,391,12.067901234567902,76.61111111111111,75.08333333333333,4950.0,0.01994198694706309
local,place_axis1_max3,金沢,4047,1388,2.9157060518731988,608,15.023474178403756,71.36644427971336,70.72893501359032,2580.0,0.00893289938369919
local,place_axis1_max3,門別,4092,1380,2.965217391304348,549,13.416422287390029,75.36168132942326,74.48924731182795,3570.0,0.011576626240352812
local,place_axis1_max3,高知,5416,1826,2.9660460021905806,787,14.531019202363368,81.31277695716396,80.45790251107829,4630.0,0.010513408569676877
local,pair_probability_top1,佐賀,1927,1927,1.0,417,21.639854696419306,77.01089776855216,76.03009859885833,1890.0,0.012735849056603774
local,pair_probability_top1,名古屋,2200,2200,1.0,374,17.0,73.45454545454545,72.7090909090909,1640.0,0.010148514851485149
local,pair_probability_top1,園田,2358,2358,1.0,462,19.59287531806616,73.32909245122985,72.66751484308736,1560.0,0.009022034584465908
local,pair_probability_top1,大井,1700,1700,1.0,297,17.47058823529412,77.01176470588236,75.95294117647059,1800.0,0.013748854262144821
local,pair_probability_top1,姫路,551,551,1.0,104,18.87477313974592,72.30490018148821,70.09074410163339,1220.0,0.030622489959839357
local,pair_probability_top1,川崎,1134,1134,1.0,178,15.696649029982362,73.95943562610229,72.50440917107584,1650.0,0.01967330392273757
local,pair_probability_top1,水沢,1175,1175,1.0,199,16.93617021276596,66.69787234042553,65.56595744680851,1330.0,0.016970779635064437
local,pair_probability_top1,浦和,1063,1063,1.0,198,18.626528692380056,83.03857008466603,81.2793979303857,1870.0,0.021185000566443866
local,pair_probability_top1,盛岡,994,994,1.0,169,17.002012072434606,69.79879275653923,67.24346076458752,2540.0,0.036609974055923894
local,pair_probability_top1,笠松,1534,1534,1.0,331,21.577574967405475,75.7496740547588,74.96088657105607,1210.0,0.010413080895008605
local,pair_probability_top1,船橋,1095,1095,1.0,182,16.621004566210047,70.9041095890411,69.59817351598174,1430.0,0.018418341061308605
local,pair_probability_top1,金沢,1388,1388,1.0,330,23.77521613832853,83.4077809798271,81.9164265129683,2070.0,0.017880279865250065
local,pair_probability_top1,門別,1380,1380,1.0,265,19.202898550724637,78.23913043478261,74.97826086956522,4500.0,0.04167824395665463
local,pair_probability_top1,高知,1826,1826,1.0,383,20.974808324205917,82.99561883899233,81.99342825848849,1830.0,0.012075222698779281
local,pair_probability_top2,佐賀,3854,1927,2.0,729,18.915412558380904,77.28853139595226,76.68655941878568,2320.0,0.007788632624970625
local,pair_probability_top2,名古屋,4400,2200,2.0,670,15.227272727272728,74.625,74.21818181818182,1790.0,0.005451499923861733
local,pair_probability_top2,園田,4716,2358,2.0,823,17.45122985581001,74.62468193384224,74.04156064461408,2750.0,0.007814053931179496
local,pair_probability_top2,大井,3400,1700,2.0,522,15.352941176470589,76.27352941176471,75.66764705882353,2060.0,0.007943546832221494
local,pair_probability_top2,姫路,1102,551,2.0,191,17.33212341197822,74.02903811252268,72.67695099818512,1490.0,0.01826428046089728
local,pair_probability_top2,川崎,2268,1134,2.0,314,13.844797178130511,69.44444444444444,68.64638447971781,1810.0,0.011492063492063493
local,pair_probability_top2,水沢,2350,1175,2.0,355,15.106382978723405,70.61276595744681,69.64255319148936,2280.0,0.01373990599011691
local,pair_probability_top2,浦和,2126,1063,2.0,347,16.32173095014111,81.21354656632172,80.33396048918156,1870.0,0.010830533997451638
local,pair_probability_top2,盛岡,1988,994,2.0,325,16.348088531187123,76.25251509054326,74.9748490945674,2540.0,0.01675572267299954
local,pair_probability_top2,笠松,3067,1534,1.9993481095176011,587,19.13922399739159,74.26149331594392,73.65503749592436,1860.0,0.008166491043203371
local,pair_probability_top2,船橋,2190,1095,2.0,343,15.662100456621006,76.68949771689498,75.82648401826484,1890.0,0.011253349211074725
local,pair_probability_top2,金沢,2776,1388,2.0,568,20.461095100864554,80.79971181556196,79.87031700288185,2580.0,0.011502452073116362
local,pair_probability_top2,門別,2760,1380,2.0,484,17.53623188405797,77.22101449275362,75.59057971014492,4500.0,0.021113874161309998
local,pair_probability_top2,高知,3652,1826,2.0,664,18.181818181818183,80.34501642935378,79.56736035049288,2840.0,0.009678958489537183
local,pair_probability_top3,佐賀,5779,1927,2.9989621172807475,991,17.148295552863818,80.29070773490223,79.67468420141893,3560.0,0.007672413793103449
local,pair_probability_top3,名古屋,6597,2200,2.9986363636363635,910,13.794148855540397,76.30438077914204,75.84659693800212,3020.0,0.005999443760181175
local,pair_probability_top3,園田,7062,2358,2.994910941475827,1089,15.42056074766355,73.43245539507221,72.12121212121212,9260.0,0.017856454163292068
local,pair_probability_top3,大井,5094,1700,2.996470588235294,688,13.506085590891246,74.14801727522575,73.55516293678838,3020.0,0.00799555214317863
local,pair_probability_top3,姫路,1650,551,2.9945553539019962,238,14.424242424242426,67.27272727272727,66.07272727272728,1980.0,0.01783783783783784
local,pair_probability_top3,川崎,3397,1134,2.995590828924162,422,12.42272593464822,69.04032970267883,68.30732999705623,2490.0,0.01061697863812732
local,pair_probability_top3,水沢,3524,1175,2.999148936170213,482,13.677639046538026,72.51702610669693,71.70261066969353,2870.0,0.011230678927802778
local,pair_probability_top3,浦和,3184,1063,2.995296331138288,466,14.6356783919598,79.18655778894473,78.48618090452261,2230.0,0.008844643636219411
local,pair_probability_top3,盛岡,2978,994,2.995975855130785,430,14.439220953660175,74.7951645399597,73.94224311618535,2540.0,0.01140343000808117
local,pair_probability_top3,笠松,4594,1534,2.9947848761408085,787,17.13104048759251,76.55202437962559,76.06660861993905,2230.0,0.006340991810737034
local,pair_probability_top3,船橋,3278,1095,2.9936073059360733,428,13.05674191580232,68.56314826113484,67.84929835265406,2340.0,0.010411568409343715
local,pair_probability_top3,金沢,4147,1388,2.9877521613832854,756,18.230045816252712,79.40197733301181,78.77984084880637,2580.0,0.00783527696793003
local,pair_probability_top3,門別,4137,1380,2.997826086956522,652,15.760212714527436,75.8278946096205,74.74014986705342,4500.0,0.014344915524386357
local,pair_probability_top3,高知,5469,1826,2.9950711938663748,891,16.291826659352715,79.07478515267873,78.55549460596087,2840.0,0.006567081348564029
local,independent_product_top1,佐賀,1927,1927,1.0,350,18.16294758692268,77.60768033212247,76.51790347690711,2100.0,0.014042126379137413
local,independent_product_top1,名古屋,2200,2200,1.0,300,13.636363636363635,74.26818181818182,73.12727272727273,2510.0,0.015362017259318196
local,independent_product_top1,園田,2358,2358,1.0,381,16.157760814249365,70.71246819338423,69.42748091603053,3030.0,0.018172004318100034
local,independent_product_top1,大井,1700,1700,1.0,237,13.941176470588236,73.95294117647059,71.05294117647058,4930.0,0.0392141266306077
local,independent_product_top1,姫路,551,551,1.0,93,16.878402903811253,77.47731397459165,74.39201451905626,1700.0,0.039821972358866246
local,independent_product_top1,川崎,1134,1134,1.0,144,12.698412698412698,75.39682539682539,72.1604938271605,3670.0,0.042923976608187135
local,independent_product_top1,水沢,1175,1175,1.0,171,14.553191489361703,74.74893617021277,72.72340425531915,2380.0,0.027097802573152682
local,independent_product_top1,浦和,1063,1063,1.0,173,16.27469426152399,81.63687676387582,79.66133584195673,2100.0,0.024199124222171006
local,independent_product_top1,盛岡,994,994,1.0,147,14.788732394366196,74.20523138832998,71.95171026156942,2240.0,0.03036876355748373
local,independent_product_top1,笠松,1534,1534,1.0,287,18.709256844850064,81.44067796610169,78.6245110821382,4320.0,0.03457936444408869
local,independent_product_top1,船橋,1095,1095,1.0,150,13.698630136986301,73.57077625570776,71.60730593607306,2150.0,0.026688182720953326
local,independent_product_top1,金沢,1388,1388,1.0,276,19.88472622478386,81.06628242074927,79.56051873198847,2090.0,0.018574475648773552
local,independent_product_top1,門別,1380,1380,1.0,241,17.46376811594203,81.60144927536231,78.89855072463769,3730.0,0.03312316845750821
local,independent_product_top1,高知,1826,1826,1.0,336,18.400876232201533,89.85213581599123,87.94085432639649,3490.0,0.021271408545133173
local,independent_product_top2,佐賀,3854,1927,2.0,644,16.709911779968863,75.61754021795537,75.0,2380.0,0.008166626634183166
local,independent_product_top2,名古屋,4400,2200,2.0,561,12.75,73.11818181818182,71.27272727272727,8120.0,0.025239338555265448
local,independent_product_top2,園田,4716,2358,2.0,707,14.991518235793045,74.81128074639525,72.84775233248516,9260.0,0.02624642158668972
local,independent_product_top2,大井,3400,1700,2.0,450,13.23529411764706,73.28823529411764,71.83823529411765,4930.0,0.01978489445380849
local,independent_product_top2,姫路,1102,551,2.0,159,14.42831215970962,70.98003629764065,68.2486388384755,3010.0,0.0384812068524674
local,independent_product_top2,川崎,2268,1134,2.0,269,11.860670194003527,70.90828924162257,69.29012345679013,3670.0,0.022820544708369604
local,independent_product_top2,水沢,2350,1175,2.0,307,13.063829787234043,71.24255319148936,70.22978723404255,2380.0,0.014215744833353243
local,independent_product_top2,浦和,2126,1063,2.0,304,14.299153339604892,80.15051740357478,78.63593603010348,3220.0,0.018896713615023476
local,independent_product_top2,盛岡,1988,994,2.0,274,13.782696177062373,72.32897384305835,71.20221327967806,2240.0,0.015578273871618331
local,independent_product_top2,笠松,3067,1534,1.9993481095176011,516,16.82425823280078,80.5053798500163,79.07075317900228,4400.0,0.01782025839374671
local,independent_product_top2,船橋,2190,1095,2.0,304,13.881278538812786,79.30593607305936,77.83561643835617,3220.0,0.01853984339014279
local,independent_product_top2,金沢,2776,1388,2.0,503,18.11959654178674,80.01440922190201,79.19308357348703,2280.0,0.010264721772015126
local,independent_product_top2,門別,2760,1380,2.0,445,16.1231884057971,84.95289855072464,83.32246376811594,4500.0,0.019192220753188043
local,independent_product_top2,高知,3652,1826,2.0,610,16.703176341730558,84.4249726177437,83.46933187294633,3490.0,0.011319408406850025
local,independent_product_top3,佐賀,5779,1927,2.9989621172807475,870,15.054507700294167,72.73576743381207,71.76328084443675,5620.0,0.013370128943236428
local,independent_product_top3,名古屋,6597,2200,2.9986363636363635,791,11.990298620585115,72.82552675458541,71.59466424132181,8120.0,0.016901525716545594
local,independent_product_top3,園田,7062,2358,2.994910941475827,976,13.820447465307279,74.77060322854716,73.29226847918437,10440.0,0.01977160388614283
local,independent_product_top3,大井,5094,1700,2.996470588235294,613,12.033765213977228,71.8884962701217,70.92069100903024,4930.0,0.013462588749317312
local,independent_product_top3,姫路,1650,551,2.9945553539019962,222,13.454545454545455,67.01818181818182,65.19393939393939,3010.0,0.027220112136010128
local,independent_product_top3,川崎,3397,1134,2.995590828924162,385,11.333529584927877,72.33441271710333,71.25404768913748,3670.0,0.014935699169786749
local,independent_product_top3,水沢,3524,1175,2.999148936170213,440,12.485811577752553,74.31895573212259,73.5244040862656,2800.0,0.010691103474608629
local,independent_product_top3,浦和,3184,1063,2.995296331138288,426,13.379396984924623,81.95979899497488,80.94849246231156,3220.0,0.012339055793991416
local,independent_product_top3,盛岡,2978,994,2.995975855130785,385,12.92813969106783,71.75621222296843,71.00402955003358,2240.0,0.010482474612756797
local,independent_product_top3,笠松,4594,1534,2.9947848761408085,721,15.694383979103177,79.43622115803221,78.47845015237266,4400.0,0.012057106842408133
local,independent_product_top3,船橋,3278,1095,2.9936073059360733,425,12.965222696766322,77.32763880414888,76.34533251982917,3220.0,0.012703171847877545
local,independent_product_top3,金沢,4147,1388,2.9877521613832854,685,16.517964793826863,77.30889799855318,76.72534362189535,2420.0,0.0075483468496568935
local,independent_product_top3,門別,4137,1380,2.997826086956522,612,14.793328498912256,81.22552574329224,80.13778100072517,4500.0,0.013391661458798321
local,independent_product_top3,高知,5469,1826,2.9950711938663748,829,15.158164198208082,79.06564271347595,78.00877674163466,5780.0,0.013366943410189404
