sort_order,rule_id,family,family_label,rule,condition_count,ev_min_exclusive,ai_prob_min_inclusive,odds_min_inclusive,odds_max_inclusive,bet_type,folds,train_sufficient_folds,valid_sufficient_folds,oos_sufficient_folds,oos_n,oos_unique_races,oos_hits,oos_hit_rate,oos_hit_wilson_lb,oos_payout,oos_roi,oos_profit,oos_roi_over_100_folds,oos_roi_over_100_fold_rate,oos_positive_profit_folds,oos_negative_profit_folds,oos_median_fold_n,oos_min_fold_n,oos_max_fold_n,oos_median_fold_roi,oos_min_fold_roi,oos_max_fold_roi,median_valid_oos_roi_gap,oos_max_payout,oos_max_payout_share,oos_max_payout_fold,oos_max_payout_date,oos_max_payout_race_id,oos_roi_without_max_payout,oos_profit_without_max_payout,selection_basis,baseline_oos_roi,oos_roi_vs_baseline,max_payout_dependent,stable_candidate
0,R000,BASE,無条件,AI本命・条件なし,0,,,,,単勝,8,8,8,8,27044,27044,9610,35.53,0.3497,2080210,76.92,-624190,0,0.0,0,8,3539.5,2858,3612,76.56,73.16,80.79,2.2,5460,0.26,2,2024-11-28,202443112802,76.72,-629550,fixed_predeclared,76.92,0.0,False,False
0,R000,BASE,無条件,AI本命・条件なし,0,,,,,複勝,8,8,8,8,27052,27052,17667,65.31,0.6474,2261640,83.6,-443560,0,0.0,0,8,3540.5,2858,3613,83.97,81.0,85.6,1.8,1650,0.07,2,2024-11-07,202444110702,83.55,-445110,fixed_predeclared,83.6,0.0,False,False
1,R001,A,EVだけ,EV > 1,1,1.0,,,,単勝,8,8,8,1,123,123,37,30.08,0.2268,15250,123.98,2950,3,37.5,3,5,15.0,10,22,86.66,40.0,232.22,96.38,2450,16.07,1,2024-09-24,202443092406,104.92,600,fixed_predeclared,76.92,47.06,False,False
1,R001,A,EVだけ,EV > 1,1,1.0,,,,複勝,8,8,8,1,123,123,82,66.67,0.5794,15380,125.04,3080,6,75.0,5,2,15.0,10,22,134.47,79.33,148.0,33.99,1090,7.09,1,2024-09-24,202443092406,117.13,2090,fixed_predeclared,83.6,41.44,False,False
2,R002,A,EVだけ,EV > 1.05,1,1.05,,,,単勝,8,8,7,0,89,89,24,26.97,0.1884,10640,119.55,1740,3,37.5,3,5,11.5,8,13,90.45,33.75,288.18,104.67,2450,23.03,1,2024-09-24,202443092406,93.07,-610,fixed_predeclared,76.92,42.63,True,False
2,R002,A,EVだけ,EV > 1.05,1,1.05,,,,複勝,8,8,7,0,89,89,58,65.17,0.5483,11580,130.11,2680,5,62.5,5,3,11.5,8,13,145.0,82.73,164.55,38.12,1090,9.41,1,2024-09-24,202443092406,119.2,1690,fixed_predeclared,83.6,46.51,False,False
3,R003,A,EVだけ,EV > 1.1,1,1.1,,,,単勝,8,8,3,0,72,72,20,27.78,0.1876,9500,131.94,2300,5,62.5,4,3,9.0,6,12,105.56,35.56,333.33,144.35,2450,25.79,1,2024-09-24,202443092406,99.3,-50,fixed_predeclared,76.92,55.02,True,False
3,R003,A,EVだけ,EV > 1.1,1,1.1,,,,複勝,8,8,3,0,72,72,46,63.89,0.5235,9680,134.44,2480,5,62.5,5,3,9.0,6,12,132.5,84.44,217.5,62.21,1090,11.26,1,2024-09-24,202443092406,120.99,1490,fixed_predeclared,83.6,50.84,False,False
4,R004,A,EVだけ,EV > 1.15,1,1.15,,,,単勝,8,8,1,0,66,66,18,27.27,0.18,8750,132.58,2150,4,50.0,4,4,8.0,5,11,100.45,30.91,333.33,132.12,2450,28.0,1,2024-09-24,202443092406,96.92,-200,fixed_predeclared,76.92,55.66,True,False
4,R004,A,EVだけ,EV > 1.15,1,1.15,,,,複勝,8,8,1,0,66,66,44,66.67,0.5466,9340,141.52,2740,6,75.0,6,2,8.0,5,11,137.28,90.0,217.5,56.09,1090,11.67,1,2024-09-24,202443092406,126.92,1750,fixed_predeclared,83.6,57.92,False,False
5,R005,A,EVだけ,EV > 1.2,1,1.2,,,,単勝,8,8,0,0,58,58,16,27.59,0.1775,8340,143.79,2540,4,50.0,4,4,7.0,5,10,109.44,19.0,375.0,151.34,2450,29.38,1,2024-09-24,202443092406,103.33,190,fixed_predeclared,76.92,66.87,True,False
5,R005,A,EVだけ,EV > 1.2,1,1.2,,,,複勝,8,8,0,0,58,58,41,70.69,0.5799,8940,154.14,3140,6,75.0,6,2,7.0,5,10,151.82,90.0,248.57,78.21,1090,12.19,1,2024-09-24,202443092406,137.72,2150,fixed_predeclared,83.6,70.54,False,False
6,R006,A,EVだけ,EV > 1.25,1,1.25,,,,単勝,8,8,0,0,48,48,13,27.08,0.1657,7570,157.71,2770,4,50.0,4,4,6.0,3,9,142.78,0.0,428.57,199.64,2450,32.36,1,2024-09-24,202443092406,108.94,420,fixed_predeclared,76.92,80.79,True,False
6,R006,A,EVだけ,EV > 1.25,1,1.25,,,,複勝,8,8,0,0,48,48,35,72.92,0.59,7980,166.25,3180,8,100.0,7,0,6.0,3,9,161.11,100.0,246.67,80.0,1090,13.66,1,2024-09-24,202443092406,146.6,2190,fixed_predeclared,83.6,82.65,False,False
7,R007,A,EVだけ,EV > 1.3,1,1.3,,,,単勝,8,8,0,0,42,42,10,23.81,0.1348,6530,155.48,2330,4,50.0,4,4,4.5,3,9,142.78,0.0,612.5,199.72,2450,37.52,1,2024-09-24,202443092406,99.51,-20,fixed_predeclared,76.92,78.56,True,False
7,R007,A,EVだけ,EV > 1.3,1,1.3,,,,複勝,8,8,0,0,42,42,30,71.43,0.5643,7120,169.52,2920,8,100.0,8,0,4.5,3,9,161.11,103.33,305.0,69.4,1090,15.31,1,2024-09-24,202443092406,147.07,1930,fixed_predeclared,83.6,85.92,False,False
8,R008,B,AI勝率だけ,AI勝率 >= 0.2,1,,0.2,,,単勝,8,8,8,8,21010,21010,8412,40.04,0.3938,1651280,78.59,-449720,0,0.0,0,8,2751.5,2214,2862,78.34,74.98,84.4,3.47,5460,0.33,2,2024-11-28,202443112802,78.34,-455080,fixed_predeclared,76.92,1.67,False,False
8,R008,B,AI勝率だけ,AI勝率 >= 0.2,1,,0.2,,,複勝,8,8,8,8,21018,21018,14838,70.6,0.6998,1802510,85.76,-299290,0,0.0,0,8,2752.5,2214,2863,86.12,83.56,87.6,1.62,1090,0.06,1,2024-09-24,202443092406,85.71,-300280,fixed_predeclared,83.6,2.16,False,False
9,R009,B,AI勝率だけ,AI勝率 >= 0.25,1,,0.25,,,単勝,8,8,8,8,13950,13950,6427,46.07,0.4525,1125660,80.69,-269340,0,0.0,0,8,1815.0,1437,1908,80.89,76.77,86.17,4.02,2450,0.22,1,2024-09-24,202443092406,80.52,-271690,fixed_predeclared,76.92,3.77,False,False
9,R009,B,AI勝率だけ,AI勝率 >= 0.25,1,,0.25,,,複勝,8,8,8,8,13957,13957,10606,75.99,0.7527,1230940,88.2,-164760,0,0.0,0,8,1816.0,1437,1909,87.41,86.15,90.64,2.31,1090,0.09,1,2024-09-24,202443092406,88.12,-165750,fixed_predeclared,83.6,4.6,False,False
10,R010,B,AI勝率だけ,AI勝率 >= 0.3,1,,0.3,,,単勝,8,8,8,8,8094,8094,4283,52.92,0.5183,660990,81.66,-148410,0,0.0,0,8,1048.5,848,1123,82.51,74.51,86.46,6.37,1270,0.19,1,2024-07-03,202445070307,81.52,-149580,fixed_predeclared,76.92,4.74,False,False
10,R010,B,AI勝率だけ,AI勝率 >= 0.3,1,,0.3,,,複勝,8,8,8,8,8097,8097,6571,81.15,0.8029,731000,90.28,-78700,0,0.0,0,8,1048.5,848,1123,90.42,87.63,93.36,2.77,370,0.05,3,2025-03-05,202547030508,90.25,-78970,fixed_predeclared,83.6,6.68,False,False
11,R011,B,AI勝率だけ,AI勝率 >= 0.35,1,,0.35,,,単勝,8,8,8,8,4443,4443,2666,60.0,0.5856,370690,83.43,-73610,0,0.0,0,8,574.0,473,618,83.38,80.9,86.68,3.31,1270,0.34,1,2024-07-03,202445070307,83.17,-74780,fixed_predeclared,76.92,6.51,False,False
11,R011,B,AI勝率だけ,AI勝率 >= 0.35,1,,0.35,,,複勝,8,8,8,8,4443,4443,3788,85.26,0.8418,408640,91.97,-35660,0,0.0,0,8,574.0,473,618,91.81,89.1,96.92,2.18,330,0.08,7,2026-03-13,202644031311,91.92,-35890,fixed_predeclared,83.6,8.37,False,False
12,R012,B,AI勝率だけ,AI勝率 >= 0.4,1,,0.4,,,単勝,8,8,8,8,2305,2305,1523,66.07,0.6412,194620,84.43,-35880,0,0.0,0,8,298.5,229,332,82.99,81.59,90.71,4.38,1270,0.65,1,2024-07-03,202445070307,83.92,-37050,fixed_predeclared,76.92,7.51,False,False
12,R012,B,AI勝率だけ,AI勝率 >= 0.4,1,,0.4,,,複勝,8,8,8,8,2305,2305,2036,88.33,0.8695,214780,93.18,-15720,0,0.0,0,8,298.5,229,332,93.4,89.7,97.69,3.08,250,0.12,1,2024-07-03,202445070307,93.11,-15870,fixed_predeclared,83.6,9.58,False,False
13,R013,C,オッズ帯だけ,単勝オッズ 1.5〜30,1,,,1.5,30.0,単勝,8,8,8,8,21596,21596,6109,28.29,0.2769,1633210,75.63,-526390,0,0.0,0,8,2813.0,2254,2974,75.62,73.02,78.81,1.54,2800,0.17,2,2024-11-07,202444110702,75.5,-529090,fixed_predeclared,76.92,-1.29,False,False
13,R013,C,オッズ帯だけ,単勝オッズ 1.5〜30,1,,,1.5,30.0,複勝,8,8,8,8,21603,21603,13098,60.63,0.5998,1765810,81.74,-394490,0,0.0,0,8,2814.0,2257,2974,82.09,79.01,83.76,2.02,1650,0.09,2,2024-11-07,202444110702,81.67,-396040,fixed_predeclared,83.6,-1.86,False,False
14,R014,C,オッズ帯だけ,単勝オッズ 2〜20,1,,,2.0,20.0,単勝,8,8,8,8,15896,15896,3533,22.23,0.2159,1188600,74.77,-401000,0,0.0,0,8,2068.0,1591,2241,74.92,71.5,77.6,2.0,1990,0.17,1,2024-09-17,202446091702,74.65,-402890,fixed_predeclared,76.92,-2.15,False,False
14,R014,C,オッズ帯だけ,単勝オッズ 2〜20,1,,,2.0,20.0,複勝,8,8,8,8,15900,15900,8730,54.91,0.5413,1257860,79.11,-332140,0,0.0,0,8,2069.0,1592,2241,79.87,76.16,81.49,1.74,790,0.06,4,2025-04-18,202547041802,79.07,-332830,fixed_predeclared,83.6,-4.49,False,False
15,R015,C,オッズ帯だけ,単勝オッズ 2〜10,1,,,2.0,10.0,単勝,8,8,8,8,14783,14783,3476,23.51,0.2284,1111270,75.17,-367030,0,0.0,0,8,1919.0,1471,2093,75.21,72.16,78.0,1.96,1000,0.09,4,2025-04-19,202555041904,75.11,-367930,fixed_predeclared,76.92,-1.75,False,False
15,R015,C,オッズ帯だけ,単勝オッズ 2〜10,1,,,2.0,10.0,複勝,8,8,8,8,14787,14787,8445,57.11,0.5631,1180240,79.82,-298460,0,0.0,0,8,1919.5,1472,2093,80.21,77.21,81.67,1.23,560,0.05,3,2025-03-09,202536030909,79.78,-298920,fixed_predeclared,83.6,-3.78,False,False
16,R016,C,オッズ帯だけ,単勝オッズ 3〜12,1,,,3.0,12.0,単勝,8,8,8,8,8981,8981,1455,16.2,0.1545,653320,72.74,-244780,0,0.0,0,8,1158.5,886,1278,72.37,69.0,78.03,2.38,1190,0.18,2,2024-11-05,202435110512,72.62,-245870,fixed_predeclared,76.92,-4.18,False,False
16,R016,C,オッズ帯だけ,単勝オッズ 3〜12,1,,,3.0,12.0,複勝,8,8,8,8,8982,8982,4290,47.76,0.4673,683170,76.06,-215030,0,0.0,0,8,1158.5,886,1278,76.45,70.31,79.86,1.93,560,0.08,3,2025-03-09,202536030909,76.01,-215490,fixed_predeclared,83.6,-7.54,False,False
17,R017,D,EV+AI勝率,EV > 1 AND AI勝率 >= 0.2,2,1.0,0.2,,,単勝,8,8,8,0,98,98,29,29.59,0.2146,11070,112.96,1270,2,25.0,2,6,12.5,8,18,68.34,44.62,264.17,100.64,2450,22.13,1,2024-09-24,202443092406,88.87,-1080,fixed_predeclared,76.92,36.04,True,False
17,R017,D,EV+AI勝率,EV > 1 AND AI勝率 >= 0.2,2,1.0,0.2,,,複勝,8,8,8,0,98,98,67,68.37,0.5862,11920,121.63,2120,7,87.5,6,1,12.5,8,18,122.85,60.77,173.75,38.98,1090,9.14,1,2024-09-24,202443092406,111.65,1130,fixed_predeclared,83.6,38.03,False,False
18,R018,D,EV+AI勝率,EV > 1 AND AI勝率 >= 0.25,2,1.0,0.25,,,単勝,8,8,1,0,68,68,26,38.24,0.2761,9700,142.65,2900,3,37.5,3,5,8.0,6,12,84.79,58.0,353.75,144.55,2450,25.26,1,2024-09-24,202443092406,108.21,550,fixed_predeclared,76.92,65.73,True,False
18,R018,D,EV+AI勝率,EV > 1 AND AI勝率 >= 0.25,2,1.0,0.25,,,複勝,8,8,1,0,68,68,52,76.47,0.6514,9270,136.32,2470,7,87.5,7,1,8.0,6,12,139.47,79.0,217.5,44.68,1090,11.76,1,2024-09-24,202443092406,122.09,1480,fixed_predeclared,83.6,52.72,False,False
19,R019,D,EV+AI勝率,EV > 1 AND AI勝率 >= 0.3,2,1.0,0.3,,,単勝,8,8,0,0,36,36,16,44.44,0.2954,4200,116.67,600,4,50.0,4,4,4.0,3,7,93.66,0.0,345.0,76.95,920,21.9,6,2025-10-25,202555102510,93.71,-220,fixed_predeclared,76.92,39.75,True,False
19,R019,D,EV+AI勝率,EV > 1 AND AI勝率 >= 0.3,2,1.0,0.3,,,複勝,8,8,0,0,36,36,31,86.11,0.7134,4530,125.83,930,6,75.0,6,2,4.0,3,7,126.66,80.0,161.67,30.95,330,7.28,5,2025-07-13,202546071309,120.0,700,fixed_predeclared,83.6,42.23,False,False
20,R020,D,EV+AI勝率,EV > 1 AND AI勝率 >= 0.35,2,1.0,0.35,,,単勝,8,6,0,0,19,19,7,36.84,0.1915,1160,61.05,-740,1,12.5,1,7,2.0,1,5,68.0,0.0,150.0,77.5,190,16.38,6,2025-10-12,202555101208,53.89,-830,fixed_predeclared,76.92,-15.87,False,False
20,R020,D,EV+AI勝率,EV > 1 AND AI勝率 >= 0.35,2,1.0,0.35,,,複勝,8,6,0,0,19,19,16,84.21,0.6243,2030,106.84,130,6,75.0,6,2,2.0,1,5,122.5,70.0,160.0,31.25,190,9.36,4,2025-05-14,202547051410,102.22,40,fixed_predeclared,83.6,23.24,False,False
21,R021,D,EV+AI勝率,EV > 1 AND AI勝率 >= 0.4,2,1.0,0.4,,,単勝,8,0,0,0,7,7,5,71.43,0.3589,780,111.43,80,3,37.5,3,1,0.5,0,3,128.34,60.0,190.0,93.75,190,24.36,6,2025-10-12,202555101208,98.33,-10,fixed_predeclared,76.92,34.51,True,False
21,R021,D,EV+AI勝率,EV > 1 AND AI勝率 >= 0.4,2,1.0,0.4,,,複勝,8,0,0,0,7,7,7,100.0,0.6457,870,124.29,170,4,50.0,4,0,0.5,0,3,120.0,106.67,155.0,14.16,190,21.84,4,2025-05-14,202547051410,113.33,80,fixed_predeclared,83.6,40.69,True,False
22,R022,D,EV+AI勝率,EV > 1.05 AND AI勝率 >= 0.2,2,1.05,0.2,,,単勝,8,8,2,0,73,73,20,27.4,0.1849,8800,120.55,1500,3,37.5,3,5,9.5,7,12,63.22,33.75,352.22,140.95,2450,27.84,1,2024-09-24,202443092406,88.19,-850,fixed_predeclared,76.92,43.63,True,False
22,R022,D,EV+AI勝率,EV > 1.05 AND AI勝率 >= 0.2,2,1.05,0.2,,,複勝,8,8,2,0,73,73,51,69.86,0.5856,9850,134.93,2550,6,75.0,6,2,9.5,7,12,143.25,69.0,201.11,50.93,1090,11.07,1,2024-09-24,202443092406,121.67,1560,fixed_predeclared,83.6,51.33,False,False
23,R023,D,EV+AI勝率,EV > 1.05 AND AI勝率 >= 0.25,2,1.05,0.25,,,単勝,8,8,0,0,51,51,17,33.33,0.2197,7430,145.69,2330,4,50.0,3,4,6.5,5,8,87.15,0.0,471.67,180.49,2450,32.97,1,2024-09-24,202443092406,99.6,-20,fixed_predeclared,76.92,68.77,True,False
23,R023,D,EV+AI勝率,EV > 1.05 AND AI勝率 >= 0.25,2,1.05,0.25,,,複勝,8,8,0,0,51,51,39,76.47,0.6324,7600,149.02,2500,7,87.5,7,1,6.5,5,8,147.72,86.25,273.33,53.29,1090,14.34,1,2024-09-24,202443092406,130.2,1510,fixed_predeclared,83.6,65.42,False,False
24,R024,D,EV+AI勝率,EV > 1.05 AND AI勝率 >= 0.3,2,1.05,0.3,,,単勝,8,8,0,0,25,25,9,36.0,0.2025,2700,108.0,200,3,37.5,2,5,3.0,1,5,50.0,0.0,345.0,186.11,920,34.07,6,2025-10-25,202555102510,74.17,-620,fixed_predeclared,76.92,31.08,True,False
24,R024,D,EV+AI勝率,EV > 1.05 AND AI勝率 >= 0.3,2,1.05,0.3,,,複勝,8,8,0,0,25,25,21,84.0,0.6535,3330,133.2,830,6,75.0,6,2,3.0,1,5,137.5,73.33,164.0,29.57,330,9.91,5,2025-07-13,202546071309,125.0,600,fixed_predeclared,83.6,49.6,False,False
25,R025,D,EV+AI勝率,EV > 1.05 AND AI勝率 >= 0.35,2,1.05,0.35,,,単勝,8,3,0,0,13,13,4,30.77,0.1268,640,49.23,-660,1,12.5,1,7,1.5,1,3,30.0,0.0,150.0,77.5,190,29.69,6,2025-10-12,202555101208,37.5,-750,fixed_predeclared,76.92,-27.69,True,False
25,R025,D,EV+AI勝率,EV > 1.05 AND AI勝率 >= 0.35,2,1.05,0.35,,,複勝,8,3,0,0,13,13,11,84.62,0.5776,1480,113.85,180,6,75.0,6,2,1.5,1,3,122.5,0.0,160.0,37.08,190,12.84,4,2025-05-14,202547051410,107.5,90,fixed_predeclared,83.6,30.25,False,False
26,R026,D,EV+AI勝率,EV > 1.05 AND AI勝率 >= 0.4,2,1.05,0.4,,,単勝,8,0,0,0,6,6,4,66.67,0.3,640,106.67,40,2,25.0,2,2,0.5,0,2,120.0,60.0,190.0,95.0,190,29.69,6,2025-10-12,202555101208,90.0,-50,fixed_predeclared,76.92,29.75,True,False
26,R026,D,EV+AI勝率,EV > 1.05 AND AI勝率 >= 0.4,2,1.05,0.4,,,複勝,8,0,0,0,6,6,6,100.0,0.6097,770,128.33,170,4,50.0,4,0,0.5,0,2,120.0,110.0,155.0,14.16,190,24.68,4,2025-05-14,202547051410,116.0,80,fixed_predeclared,83.6,44.73,True,False
27,R027,D,EV+AI勝率,EV > 1.1 AND AI勝率 >= 0.2,2,1.1,0.2,,,単勝,8,8,1,0,60,60,16,26.67,0.1713,7660,127.67,1660,3,37.5,2,5,7.5,6,10,69.16,0.0,375.0,182.42,2450,31.98,1,2024-09-24,202443092406,88.31,-690,fixed_predeclared,76.92,50.75,True,False
27,R027,D,EV+AI勝率,EV > 1.1 AND AI勝率 >= 0.2,2,1.1,0.2,,,複勝,8,8,1,0,60,60,40,66.67,0.5406,8110,135.17,2110,6,75.0,6,2,7.5,6,10,141.46,67.5,211.25,39.52,1090,13.44,1,2024-09-24,202443092406,118.98,1120,fixed_predeclared,83.6,51.57,False,False
28,R028,D,EV+AI勝率,EV > 1.1 AND AI勝率 >= 0.25,2,1.1,0.25,,,単勝,8,8,0,0,42,42,14,33.33,0.2101,6950,165.48,2750,4,50.0,4,4,5.0,4,7,99.65,0.0,532.0,221.16,2450,35.25,1,2024-09-24,202443092406,109.76,400,fixed_predeclared,76.92,88.56,True,False
28,R028,D,EV+AI勝率,EV > 1.1 AND AI勝率 >= 0.25,2,1.1,0.25,,,複勝,8,8,0,0,42,42,31,73.81,0.5893,6420,152.86,2220,7,87.5,6,1,5.0,4,7,126.97,90.0,304.0,62.36,1090,16.98,1,2024-09-24,202443092406,130.0,1230,fixed_predeclared,83.6,69.26,False,False
29,R029,D,EV+AI勝率,EV > 1.1 AND AI勝率 >= 0.3,2,1.1,0.3,,,単勝,8,6,0,0,20,20,7,35.0,0.1812,2390,119.5,390,3,37.5,3,4,2.0,0,5,60.0,0.0,595.0,131.82,920,38.49,6,2025-10-25,202555102510,77.37,-430,fixed_predeclared,76.92,42.58,True,False
29,R029,D,EV+AI勝率,EV > 1.1 AND AI勝率 >= 0.3,2,1.1,0.3,,,複勝,8,6,0,0,20,20,16,80.0,0.584,2520,126.0,520,4,50.0,4,3,2.0,0,5,122.5,73.33,190.0,50.0,270,10.71,3,2025-03-16,202554031603,118.42,350,fixed_predeclared,83.6,42.4,False,False
30,R030,D,EV+AI勝率,EV > 1.1 AND AI勝率 >= 0.35,2,1.1,0.35,,,単勝,8,0,0,0,9,9,2,22.22,0.0632,330,36.67,-570,1,12.5,1,5,1.0,0,3,0.0,0.0,150.0,105.0,180,54.55,2,2024-12-02,202446120207,18.75,-650,fixed_predeclared,76.92,-40.25,True,False
30,R030,D,EV+AI勝率,EV > 1.1 AND AI勝率 >= 0.35,2,1.1,0.35,,,複勝,8,0,0,0,9,9,7,77.78,0.4526,1000,111.11,100,4,50.0,4,2,1.0,0,3,135.0,0.0,190.0,26.0,190,19.0,4,2025-05-14,202547051410,101.25,10,fixed_predeclared,83.6,27.51,False,False
31,R031,D,EV+AI勝率,EV > 1.1 AND AI勝率 >= 0.4,2,1.1,0.4,,,単勝,8,0,0,0,4,4,2,50.0,0.15,330,82.5,-70,1,12.5,1,2,0.0,0,2,90.0,0.0,150.0,110.0,180,54.55,2,2024-12-02,202446120207,50.0,-150,fixed_predeclared,76.92,5.58,True,False
31,R031,D,EV+AI勝率,EV > 1.1 AND AI勝率 >= 0.4,2,1.1,0.4,,,複勝,8,0,0,0,4,4,4,100.0,0.5101,520,130.0,120,3,37.5,3,0,0.0,0,2,110.0,110.0,190.0,0.0,190,36.54,4,2025-05-14,202547051410,110.0,30,fixed_predeclared,83.6,46.4,True,False
32,R032,D,EV+AI勝率,EV > 1.15 AND AI勝率 >= 0.2,2,1.15,0.2,,,単勝,8,8,0,0,55,55,15,27.27,0.1728,7480,136.0,1980,3,37.5,3,5,7.0,5,9,78.33,0.0,375.0,189.94,2450,32.75,1,2024-09-24,202443092406,93.15,-370,fixed_predeclared,76.92,59.08,True,False
32,R032,D,EV+AI勝率,EV > 1.15 AND AI勝率 >= 0.2,2,1.15,0.2,,,複勝,8,8,0,0,55,55,39,70.91,0.5786,7980,145.09,2480,6,75.0,6,2,7.0,5,9,150.83,90.0,211.25,58.41,1090,13.66,1,2024-09-24,202443092406,127.59,1490,fixed_predeclared,83.6,61.49,False,False
33,R033,D,EV+AI勝率,EV > 1.15 AND AI勝率 >= 0.25,2,1.15,0.25,,,単勝,8,8,0,0,38,38,13,34.21,0.2121,6770,178.16,2970,4,50.0,4,4,5.0,3,6,106.5,0.0,532.0,227.15,2450,36.19,1,2024-09-24,202443092406,116.76,620,fixed_predeclared,76.92,101.24,True,False
33,R033,D,EV+AI勝率,EV > 1.15 AND AI勝率 >= 0.25,2,1.15,0.25,,,複勝,8,8,0,0,38,38,30,78.95,0.6365,6290,165.53,2490,8,100.0,7,0,5.0,3,6,130.83,100.0,304.0,71.61,1090,17.33,1,2024-09-24,202443092406,140.54,1500,fixed_predeclared,83.6,81.93,False,False
34,R034,D,EV+AI勝率,EV > 1.15 AND AI勝率 >= 0.3,2,1.15,0.3,,,単勝,8,4,0,0,18,18,6,33.33,0.1628,2210,122.78,410,2,25.0,2,5,2.0,0,4,60.0,0.0,595.0,121.0,920,41.63,6,2025-10-25,202555102510,75.88,-410,fixed_predeclared,76.92,45.86,True,False
34,R034,D,EV+AI勝率,EV > 1.15 AND AI勝率 >= 0.3,2,1.15,0.3,,,複勝,8,4,0,0,18,18,15,83.33,0.6078,2390,132.78,590,5,62.5,5,2,2.0,0,4,145.0,73.33,190.0,55.5,270,11.3,3,2025-03-16,202554031603,124.71,420,fixed_predeclared,83.6,49.18,False,False
35,R035,D,EV+AI勝率,EV > 1.15 AND AI勝率 >= 0.35,2,1.15,0.35,,,単勝,8,0,0,0,9,9,2,22.22,0.0632,330,36.67,-570,1,12.5,1,5,1.0,0,3,0.0,0.0,150.0,105.0,180,54.55,2,2024-12-02,202446120207,18.75,-650,fixed_predeclared,76.92,-40.25,True,False
35,R035,D,EV+AI勝率,EV > 1.15 AND AI勝率 >= 0.35,2,1.15,0.35,,,複勝,8,0,0,0,9,9,7,77.78,0.4526,1000,111.11,100,4,50.0,4,2,1.0,0,3,135.0,0.0,190.0,17.5,190,19.0,4,2025-05-14,202547051410,101.25,10,fixed_predeclared,83.6,27.51,False,False
36,R036,D,EV+AI勝率,EV > 1.15 AND AI勝率 >= 0.4,2,1.15,0.4,,,単勝,8,0,0,0,4,4,2,50.0,0.15,330,82.5,-70,1,12.5,1,2,0.0,0,2,90.0,0.0,150.0,100.0,180,54.55,2,2024-12-02,202446120207,50.0,-150,fixed_predeclared,76.92,5.58,True,False
36,R036,D,EV+AI勝率,EV > 1.15 AND AI勝率 >= 0.4,2,1.15,0.4,,,複勝,8,0,0,0,4,4,4,100.0,0.5101,520,130.0,120,3,37.5,3,0,0.0,0,2,110.0,110.0,190.0,10.0,190,36.54,4,2025-05-14,202547051410,110.0,30,fixed_predeclared,83.6,46.4,True,False
37,R037,D,EV+AI勝率,EV > 1.2 AND AI勝率 >= 0.2,2,1.2,0.2,,,単勝,8,8,0,0,50,50,13,26.0,0.1587,7070,141.4,2070,3,37.5,3,5,6.0,4,8,64.16,0.0,388.33,198.63,2450,34.65,1,2024-09-24,202443092406,94.29,-280,fixed_predeclared,76.92,64.48,True,False
37,R037,D,EV+AI勝率,EV > 1.2 AND AI勝率 >= 0.2,2,1.2,0.2,,,複勝,8,8,0,0,50,50,36,72.0,0.5833,7580,151.6,2580,6,75.0,6,2,6.0,4,8,151.67,90.0,211.25,63.48,1090,14.38,1,2024-09-24,202443092406,132.45,1590,fixed_predeclared,83.6,68.0,False,False
38,R038,D,EV+AI勝率,EV > 1.2 AND AI勝率 >= 0.25,2,1.2,0.25,,,単勝,8,6,0,0,35,35,11,31.43,0.1855,6360,181.71,2860,4,50.0,4,4,5.0,3,5,92.5,0.0,532.0,228.93,2450,38.52,1,2024-09-24,202443092406,115.0,510,fixed_predeclared,76.92,104.79,True,False
38,R038,D,EV+AI勝率,EV > 1.2 AND AI勝率 >= 0.25,2,1.2,0.25,,,複勝,8,6,0,0,35,35,28,80.0,0.6411,6030,172.29,2530,8,100.0,7,0,5.0,3,5,133.0,100.0,304.0,66.94,1090,18.08,1,2024-09-24,202443092406,145.29,1540,fixed_predeclared,83.6,88.69,False,False
39,R039,D,EV+AI勝率,EV > 1.2 AND AI勝率 >= 0.3,2,1.2,0.3,,,単勝,8,3,0,0,16,16,5,31.25,0.1416,2060,128.75,460,2,25.0,2,5,2.0,0,4,63.33,0.0,595.0,91.0,920,44.66,6,2025-10-25,202555102510,76.0,-360,fixed_predeclared,76.92,51.83,True,False
39,R039,D,EV+AI勝率,EV > 1.2 AND AI勝率 >= 0.3,2,1.2,0.3,,,複勝,8,3,0,0,16,16,14,87.5,0.6398,2280,142.5,680,6,75.0,6,1,2.0,0,4,145.0,95.0,190.0,45.83,270,11.84,3,2025-03-16,202554031603,134.0,510,fixed_predeclared,83.6,58.9,False,False
40,R040,D,EV+AI勝率,EV > 1.2 AND AI勝率 >= 0.35,2,1.2,0.35,,,単勝,8,0,0,0,7,7,1,14.29,0.0257,180,25.71,-520,0,0.0,0,5,1.0,0,2,0.0,0.0,90.0,181.0,180,100.0,2,2024-12-02,202446120207,0.0,-600,fixed_predeclared,76.92,-51.21,True,False
40,R040,D,EV+AI勝率,EV > 1.2 AND AI勝率 >= 0.35,2,1.2,0.35,,,複勝,8,0,0,0,7,7,6,85.71,0.4869,890,127.14,190,4,50.0,4,1,1.0,0,2,160.0,0.0,190.0,33.0,190,21.35,4,2025-05-14,202547051410,116.67,100,fixed_predeclared,83.6,43.54,True,False
41,R041,D,EV+AI勝率,EV > 1.2 AND AI勝率 >= 0.4,2,1.2,0.4,,,単勝,8,0,0,0,3,3,1,33.33,0.0615,180,60.0,-120,0,0.0,0,2,0.0,0,2,45.0,0.0,90.0,95.0,180,100.0,2,2024-12-02,202446120207,0.0,-200,fixed_predeclared,76.92,-16.92,True,False
41,R041,D,EV+AI勝率,EV > 1.2 AND AI勝率 >= 0.4,2,1.2,0.4,,,複勝,8,0,0,0,3,3,3,100.0,0.4385,410,136.67,110,2,25.0,2,0,0.0,0,2,150.0,110.0,190.0,45.0,190,46.34,4,2025-05-14,202547051410,110.0,20,fixed_predeclared,83.6,53.07,True,False
42,R042,D,EV+AI勝率,EV > 1.25 AND AI勝率 >= 0.2,2,1.25,0.2,,,単勝,8,8,0,0,41,41,11,26.83,0.1569,6620,161.46,2520,3,37.5,3,5,5.5,2,7,55.23,0.0,466.0,245.13,2450,37.01,1,2024-09-24,202443092406,104.25,170,fixed_predeclared,76.92,84.54,True,False
42,R042,D,EV+AI勝率,EV > 1.25 AND AI勝率 >= 0.2,2,1.25,0.2,,,複勝,8,8,0,0,41,41,31,75.61,0.6066,6770,165.12,2670,8,100.0,7,0,5.5,2,7,151.67,100.0,241.43,49.93,1090,16.1,1,2024-09-24,202443092406,142.0,1680,fixed_predeclared,83.6,81.52,False,False
43,R043,D,EV+AI勝率,EV > 1.25 AND AI勝率 >= 0.25,2,1.25,0.25,,,単勝,8,6,0,0,30,30,9,30.0,0.1666,5910,197.0,2910,4,50.0,4,4,4.0,1,5,81.5,0.0,600.0,290.47,2450,41.46,1,2024-09-24,202443092406,119.31,560,fixed_predeclared,76.92,120.08,True,False
43,R043,D,EV+AI勝率,EV > 1.25 AND AI勝率 >= 0.25,2,1.25,0.25,,,複勝,8,6,0,0,30,30,23,76.67,0.5907,5220,174.0,2220,7,87.5,7,1,4.0,1,5,140.5,92.5,450.0,65.42,1090,20.88,1,2024-09-24,202443092406,142.41,1230,fixed_predeclared,83.6,90.4,True,False
44,R044,D,EV+AI勝率,EV > 1.25 AND AI勝率 >= 0.3,2,1.25,0.3,,,単勝,8,0,0,0,14,14,4,28.57,0.1172,1880,134.29,480,2,25.0,2,4,2.0,0,4,31.66,0.0,595.0,263.96,920,48.94,6,2025-10-25,202555102510,73.85,-340,fixed_predeclared,76.92,57.37,True,False
44,R044,D,EV+AI勝率,EV > 1.25 AND AI勝率 >= 0.3,2,1.25,0.3,,,複勝,8,0,0,0,14,14,12,85.71,0.6006,1990,142.14,590,5,62.5,5,1,2.0,0,4,133.75,95.0,190.0,43.75,270,13.57,3,2025-03-16,202554031603,132.31,420,fixed_predeclared,83.6,58.54,False,False
45,R045,D,EV+AI勝率,EV > 1.25 AND AI勝率 >= 0.35,2,1.25,0.35,,,単勝,8,0,0,0,5,5,0,0.0,0.0,0,0.0,-500,0,0.0,0,4,0.5,0,2,0.0,0.0,0.0,407.25,0,,1,2024-09-23,202446092301,0.0,-400,fixed_predeclared,76.92,-76.92,False,False
45,R045,D,EV+AI勝率,EV > 1.25 AND AI勝率 >= 0.35,2,1.25,0.35,,,複勝,8,0,0,0,5,5,4,80.0,0.3755,600,120.0,100,3,37.5,3,1,0.5,0,2,140.0,0.0,160.0,21.75,180,30.0,5,2025-07-22,202542072206,105.0,20,fixed_predeclared,83.6,36.4,True,False
46,R046,D,EV+AI勝率,EV > 1.25 AND AI勝率 >= 0.4,2,1.25,0.4,,,単勝,8,0,0,0,1,1,0,0.0,0.0,0,0.0,-100,0,0.0,0,1,0.0,0,1,0.0,0.0,0.0,190.0,0,,2,2024-11-07,202450110702,,0,fixed_predeclared,76.92,-76.92,False,False
46,R046,D,EV+AI勝率,EV > 1.25 AND AI勝率 >= 0.4,2,1.25,0.4,,,複勝,8,0,0,0,1,1,1,100.0,0.2065,120,120.0,20,1,12.5,1,0,0.0,0,1,120.0,120.0,120.0,0.0,120,100.0,2,2024-11-07,202450110702,,0,fixed_predeclared,83.6,36.4,True,False
47,R047,D,EV+AI勝率,EV > 1.3 AND AI勝率 >= 0.2,2,1.3,0.2,,,単勝,8,8,0,0,35,35,8,22.86,0.1207,5580,159.43,2080,3,37.5,3,5,4.0,2,7,55.23,0.0,612.5,253.37,2450,43.91,1,2024-09-24,202443092406,92.06,-270,fixed_predeclared,76.92,82.51,True,False
47,R047,D,EV+AI勝率,EV > 1.3 AND AI勝率 >= 0.2,2,1.3,0.2,,,複勝,8,8,0,0,35,35,26,74.29,0.5793,5910,168.86,2410,8,100.0,8,0,4.0,2,7,150.83,125.0,305.0,26.95,1090,18.44,1,2024-09-24,202443092406,141.76,1420,fixed_predeclared,83.6,85.26,False,False
48,R048,D,EV+AI勝率,EV > 1.3 AND AI勝率 >= 0.25,2,1.3,0.25,,,単勝,8,5,0,0,25,25,7,28.0,0.1428,5210,208.4,2710,4,50.0,4,4,3.0,1,5,81.5,0.0,816.67,305.72,2450,47.02,1,2024-09-24,202443092406,115.0,360,fixed_predeclared,76.92,131.48,True,False
48,R048,D,EV+AI勝率,EV > 1.3 AND AI勝率 >= 0.25,2,1.3,0.25,,,複勝,8,5,0,0,25,25,19,76.0,0.5657,4530,181.2,2030,8,100.0,8,0,3.0,1,5,140.5,122.5,450.0,53.54,1090,24.06,1,2024-09-24,202443092406,143.33,1040,fixed_predeclared,83.6,97.6,True,False
49,R049,D,EV+AI勝率,EV > 1.3 AND AI勝率 >= 0.3,2,1.3,0.3,,,単勝,8,0,0,0,13,13,4,30.77,0.1268,1880,144.62,580,2,25.0,2,4,1.5,0,4,31.66,0.0,595.0,62.5,920,48.94,6,2025-10-25,202555102510,80.0,-240,fixed_predeclared,76.92,67.7,True,False
49,R049,D,EV+AI勝率,EV > 1.3 AND AI勝率 >= 0.3,2,1.3,0.3,,,複勝,8,0,0,0,13,13,11,84.62,0.5776,1830,140.77,530,5,62.5,5,1,1.5,0,4,126.25,95.0,190.0,68.75,270,14.75,3,2025-03-16,202554031603,130.0,360,fixed_predeclared,83.6,57.17,False,False
50,R050,D,EV+AI勝率,EV > 1.3 AND AI勝率 >= 0.35,2,1.3,0.35,,,単勝,8,0,0,0,4,4,0,0.0,0.0,0,0.0,-400,0,0.0,0,3,0.0,0,2,0.0,0.0,0.0,63.33,0,,2,2024-11-07,202450110702,0.0,-300,fixed_predeclared,76.92,-76.92,False,False
50,R050,D,EV+AI勝率,EV > 1.3 AND AI勝率 >= 0.35,2,1.3,0.35,,,複勝,8,0,0,0,4,4,3,75.0,0.3006,440,110.0,40,2,25.0,2,1,0.0,0,2,120.0,0.0,160.0,80.0,180,40.91,5,2025-07-22,202542072206,86.67,-40,fixed_predeclared,83.6,26.4,True,False
51,R051,D,EV+AI勝率,EV > 1.3 AND AI勝率 >= 0.4,2,1.3,0.4,,,単勝,8,0,0,0,1,1,0,0.0,0.0,0,0.0,-100,0,0.0,0,1,0.0,0,1,0.0,0.0,0.0,190.0,0,,2,2024-11-07,202450110702,,0,fixed_predeclared,76.92,-76.92,False,False
51,R051,D,EV+AI勝率,EV > 1.3 AND AI勝率 >= 0.4,2,1.3,0.4,,,複勝,8,0,0,0,1,1,1,100.0,0.2065,120,120.0,20,1,12.5,1,0,0.0,0,1,120.0,120.0,120.0,0.0,120,100.0,2,2024-11-07,202450110702,,0,fixed_predeclared,83.6,36.4,True,False
52,R052,E,EV+オッズ帯,EV > 1 AND 単勝オッズ 1.5〜30,2,1.0,,1.5,30.0,単勝,8,8,8,1,121,121,35,28.93,0.2159,14990,123.88,2890,3,37.5,3,5,14.5,10,22,84.38,40.0,232.22,99.16,2450,16.34,1,2024-09-24,202443092406,104.5,540,fixed_predeclared,76.92,46.96,False,False
52,R052,E,EV+オッズ帯,EV > 1 AND 単勝オッズ 1.5〜30,2,1.0,,1.5,30.0,複勝,8,8,8,1,121,121,80,66.12,0.573,15160,125.29,3060,6,75.0,5,2,14.5,10,22,134.88,77.86,148.0,34.06,1090,7.19,1,2024-09-24,202443092406,117.25,2070,fixed_predeclared,83.6,41.69,False,False
53,R053,E,EV+オッズ帯,EV > 1 AND 単勝オッズ 2〜20,2,1.0,,2.0,20.0,単勝,8,8,8,0,104,104,24,23.08,0.1603,10760,103.46,360,3,37.5,3,5,12.5,9,19,66.12,0.0,266.0,55.38,920,8.55,6,2025-10-25,202555102510,95.53,-460,fixed_predeclared,76.92,26.54,True,False
53,R053,E,EV+オッズ帯,EV > 1 AND 単勝オッズ 2〜20,2,1.0,,2.0,20.0,複勝,8,8,8,0,104,104,65,62.5,0.5291,11870,114.13,1470,4,50.0,4,4,12.5,9,19,108.78,58.33,158.57,36.53,450,3.79,4,2025-05-03,202535050303,110.87,1120,fixed_predeclared,83.6,30.53,False,False
54,R054,E,EV+オッズ帯,EV > 1 AND 単勝オッズ 2〜10,2,1.0,,2.0,10.0,単勝,8,8,7,0,93,93,24,25.81,0.18,10760,115.7,1460,3,37.5,3,5,11.5,8,18,75.66,0.0,285.0,59.84,920,8.55,6,2025-10-25,202555102510,106.96,640,fixed_predeclared,76.92,38.78,False,False
54,R054,E,EV+オッズ帯,EV > 1 AND 単勝オッズ 2〜10,2,1.0,,2.0,10.0,複勝,8,8,7,0,93,93,61,65.59,0.5549,10800,116.13,1500,5,62.5,5,3,11.5,8,18,119.19,36.25,160.83,30.87,450,4.17,4,2025-05-03,202535050303,112.5,1150,fixed_predeclared,83.6,32.53,False,False
55,R055,E,EV+オッズ帯,EV > 1 AND 単勝オッズ 3〜12,2,1.0,,3.0,12.0,単勝,8,8,3,0,75,75,16,21.33,0.1358,8720,116.27,1220,3,37.5,3,5,9.5,5,14,65.5,0.0,351.11,47.19,920,10.55,6,2025-10-25,202555102510,105.41,400,fixed_predeclared,76.92,39.35,False,False
55,R055,E,EV+オッズ帯,EV > 1 AND 単勝オッズ 3〜12,2,1.0,,3.0,12.0,複勝,8,8,3,0,75,75,45,60.0,0.4869,8630,115.07,1130,5,62.5,4,3,9.5,5,14,121.25,44.44,166.43,37.77,450,5.21,4,2025-05-03,202535050303,110.54,780,fixed_predeclared,83.6,31.47,False,False
56,R056,E,EV+オッズ帯,EV > 1.05 AND 単勝オッズ 1.5〜30,2,1.05,,1.5,30.0,単勝,8,8,6,0,88,88,23,26.14,0.1809,10520,119.55,1720,3,37.5,3,5,11.5,7,13,88.31,33.75,288.18,105.07,2450,23.29,1,2024-09-24,202443092406,92.76,-630,fixed_predeclared,76.92,42.63,True,False
56,R056,E,EV+オッズ帯,EV > 1.05 AND 単勝オッズ 1.5〜30,2,1.05,,1.5,30.0,複勝,8,8,6,0,88,88,57,64.77,0.5437,11460,130.23,2660,5,62.5,5,3,11.5,7,13,145.0,82.73,164.55,38.18,1090,9.51,1,2024-09-24,202443092406,119.2,1670,fixed_predeclared,83.6,46.63,False,False
57,R057,E,EV+オッズ帯,EV > 1.05 AND 単勝オッズ 2〜20,2,1.05,,2.0,20.0,単勝,8,8,2,0,76,76,16,21.05,0.134,7010,92.24,-590,3,37.5,2,5,9.5,6,12,81.84,0.0,233.0,76.89,920,13.12,6,2025-10-25,202555102510,81.2,-1410,fixed_predeclared,76.92,15.32,False,False
57,R057,E,EV+オッズ帯,EV > 1.05 AND 単勝オッズ 2〜20,2,1.05,,2.0,20.0,複勝,8,8,2,0,76,76,47,61.84,0.506,8770,115.39,1170,4,50.0,4,4,9.5,6,12,108.0,66.67,178.33,39.2,450,5.13,4,2025-05-03,202535050303,110.93,820,fixed_predeclared,83.6,31.79,False,False
58,R058,E,EV+オッズ帯,EV > 1.05 AND 単勝オッズ 2〜10,2,1.05,,2.0,10.0,単勝,8,8,1,0,66,66,16,24.24,0.1551,7010,106.21,410,3,37.5,3,5,8.5,5,11,90.1,0.0,258.89,77.0,920,13.12,6,2025-10-25,202555102510,93.69,-410,fixed_predeclared,76.92,29.29,True,False
58,R058,E,EV+オッズ帯,EV > 1.05 AND 単勝オッズ 2〜10,2,1.05,,2.0,10.0,複勝,8,8,1,0,66,66,44,66.67,0.5466,7960,120.61,1360,5,62.5,5,3,8.5,5,11,121.5,41.43,214.0,40.94,450,5.65,4,2025-05-03,202535050303,115.54,1010,fixed_predeclared,83.6,37.01,False,False
59,R059,E,EV+オッズ帯,EV > 1.05 AND 単勝オッズ 3〜12,2,1.05,,3.0,12.0,単勝,8,8,0,0,56,56,11,19.64,0.1134,5720,102.14,120,3,37.5,3,5,6.5,5,10,89.0,0.0,296.67,77.12,920,16.08,6,2025-10-25,202555102510,87.27,-700,fixed_predeclared,76.92,25.22,True,False
59,R059,E,EV+オッズ帯,EV > 1.05 AND 単勝オッズ 3〜12,2,1.05,,3.0,12.0,複勝,8,8,0,0,56,56,34,60.71,0.4763,6500,116.07,900,5,62.5,4,3,6.5,5,10,121.88,50.0,176.0,25.37,450,6.92,4,2025-05-03,202535050303,110.0,550,fixed_predeclared,83.6,32.47,False,False
60,R060,E,EV+オッズ帯,EV > 1.1 AND 単勝オッズ 1.5〜30,2,1.1,,1.5,30.0,単勝,8,8,3,0,72,72,20,27.78,0.1876,9500,131.94,2300,5,62.5,4,3,9.0,6,12,105.56,35.56,333.33,144.35,2450,25.79,1,2024-09-24,202443092406,99.3,-50,fixed_predeclared,76.92,55.02,True,False
60,R060,E,EV+オッズ帯,EV > 1.1 AND 単勝オッズ 1.5〜30,2,1.1,,1.5,30.0,複勝,8,8,3,0,72,72,46,63.89,0.5235,9680,134.44,2480,5,62.5,5,3,9.0,6,12,132.5,84.44,217.5,62.21,1090,11.26,1,2024-09-24,202443092406,120.99,1490,fixed_predeclared,83.6,50.84,False,False
61,R061,E,EV+オッズ帯,EV > 1.1 AND 単勝オッズ 2〜20,2,1.1,,2.0,20.0,単勝,8,8,1,0,63,63,15,23.81,0.1499,6350,100.79,50,4,50.0,4,4,8.0,5,11,85.62,0.0,332.86,98.25,920,14.49,6,2025-10-25,202555102510,87.58,-770,fixed_predeclared,76.92,23.87,True,False
61,R061,E,EV+オッズ帯,EV > 1.1 AND 単勝オッズ 2〜20,2,1.1,,2.0,20.0,複勝,8,8,1,0,63,63,39,61.9,0.4956,7340,116.51,1040,4,50.0,4,4,8.0,5,11,103.75,75.0,182.0,20.89,450,6.13,4,2025-05-03,202535050303,111.13,690,fixed_predeclared,83.6,32.91,False,False
62,R062,E,EV+オッズ帯,EV > 1.1 AND 単勝オッズ 2〜10,2,1.1,,2.0,10.0,単勝,8,8,0,0,54,54,15,27.78,0.1762,6350,117.59,950,4,50.0,4,4,7.0,4,9,97.85,0.0,332.86,102.77,920,14.49,6,2025-10-25,202555102510,102.45,130,fixed_predeclared,76.92,40.67,False,False
62,R062,E,EV+オッズ帯,EV > 1.1 AND 単勝オッズ 2〜10,2,1.1,,2.0,10.0,複勝,8,8,0,0,54,54,36,66.67,0.5336,6530,120.93,1130,5,62.5,5,3,7.0,4,9,119.64,41.43,227.5,26.09,450,6.89,4,2025-05-03,202535050303,114.72,780,fixed_predeclared,83.6,37.33,False,False
63,R063,E,EV+オッズ帯,EV > 1.1 AND 単勝オッズ 3〜12,2,1.1,,3.0,12.0,単勝,8,8,0,0,50,50,10,20.0,0.1124,5060,101.2,60,3,37.5,3,5,6.0,4,9,74.0,0.0,356.0,123.64,920,18.18,6,2025-10-25,202555102510,84.49,-760,fixed_predeclared,76.92,24.28,True,False
63,R063,E,EV+オッズ帯,EV > 1.1 AND 単勝オッズ 3〜12,2,1.1,,3.0,12.0,複勝,8,8,0,0,50,50,30,60.0,0.4618,5810,116.2,810,5,62.5,4,3,6.0,4,9,117.14,60.0,180.0,24.28,450,7.75,4,2025-05-03,202535050303,109.39,460,fixed_predeclared,83.6,32.6,False,False
64,R064,E,EV+オッズ帯,EV > 1.15 AND 単勝オッズ 1.5〜30,2,1.15,,1.5,30.0,単勝,8,8,1,0,66,66,18,27.27,0.18,8750,132.58,2150,4,50.0,4,4,8.0,5,11,100.45,30.91,333.33,132.12,2450,28.0,1,2024-09-24,202443092406,96.92,-200,fixed_predeclared,76.92,55.66,True,False
64,R064,E,EV+オッズ帯,EV > 1.15 AND 単勝オッズ 1.5〜30,2,1.15,,1.5,30.0,複勝,8,8,1,0,66,66,44,66.67,0.5466,9340,141.52,2740,6,75.0,6,2,8.0,5,11,137.28,90.0,217.5,56.09,1090,11.67,1,2024-09-24,202443092406,126.92,1750,fixed_predeclared,83.6,57.92,False,False
65,R065,E,EV+オッズ帯,EV > 1.15 AND 単勝オッズ 2〜20,2,1.15,,2.0,20.0,単勝,8,8,0,0,59,59,14,23.73,0.1469,5780,97.97,-120,3,37.5,3,5,7.0,5,10,78.88,0.0,332.86,104.56,920,15.92,6,2025-10-25,202555102510,83.79,-940,fixed_predeclared,76.92,21.05,False,False
65,R065,E,EV+オッズ帯,EV > 1.15 AND 単勝オッズ 2〜20,2,1.15,,2.0,20.0,複勝,8,8,0,0,59,59,38,64.41,0.5166,7130,120.85,1230,5,62.5,5,3,7.0,5,10,122.14,75.0,182.0,17.5,450,6.31,4,2025-05-03,202535050303,115.17,880,fixed_predeclared,83.6,37.25,False,False
66,R066,E,EV+オッズ帯,EV > 1.15 AND 単勝オッズ 2〜10,2,1.15,,2.0,10.0,単勝,8,8,0,0,52,52,14,26.92,0.1677,5780,111.15,580,4,50.0,4,4,7.0,4,8,94.91,0.0,332.86,96.15,920,15.92,6,2025-10-25,202555102510,95.29,-240,fixed_predeclared,76.92,34.23,True,False
66,R066,E,EV+オッズ帯,EV > 1.15 AND 単勝オッズ 2〜10,2,1.15,,2.0,10.0,複勝,8,8,0,0,52,52,35,67.31,0.5376,6320,121.54,1120,6,75.0,6,2,7.0,4,8,122.14,41.43,227.5,27.88,450,7.12,4,2025-05-03,202535050303,115.1,770,fixed_predeclared,83.6,37.94,False,False
67,R067,E,EV+オッズ帯,EV > 1.15 AND 単勝オッズ 3〜12,2,1.15,,3.0,12.0,単勝,8,8,0,0,47,47,9,19.15,0.1042,4490,95.53,-210,4,50.0,4,4,5.0,4,9,90.0,0.0,356.0,100.0,920,20.49,6,2025-10-25,202555102510,77.61,-1030,fixed_predeclared,76.92,18.61,True,False
67,R067,E,EV+オッズ帯,EV > 1.15 AND 単勝オッズ 3〜12,2,1.15,,3.0,12.0,複勝,8,8,0,0,47,47,29,61.7,0.4743,5600,119.15,900,6,75.0,5,2,5.0,4,9,118.14,60.0,180.0,20.84,450,8.04,4,2025-05-03,202535050303,111.96,550,fixed_predeclared,83.6,35.55,False,False
68,R068,E,EV+オッズ帯,EV > 1.2 AND 単勝オッズ 1.5〜30,2,1.2,,1.5,30.0,単勝,8,8,0,0,58,58,16,27.59,0.1775,8340,143.79,2540,4,50.0,4,4,7.0,5,10,109.44,19.0,375.0,151.34,2450,29.38,1,2024-09-24,202443092406,103.33,190,fixed_predeclared,76.92,66.87,True,False
68,R068,E,EV+オッズ帯,EV > 1.2 AND 単勝オッズ 1.5〜30,2,1.2,,1.5,30.0,複勝,8,8,0,0,58,58,41,70.69,0.5799,8940,154.14,3140,6,75.0,6,2,7.0,5,10,151.82,90.0,248.57,78.21,1090,12.19,1,2024-09-24,202443092406,137.72,2150,fixed_predeclared,83.6,70.54,False,False
69,R069,E,EV+オッズ帯,EV > 1.2 AND 単勝オッズ 2〜20,2,1.2,,2.0,20.0,単勝,8,8,0,0,53,53,13,24.53,0.1493,5520,104.15,220,3,37.5,3,5,6.5,4,9,88.73,0.0,388.33,101.17,920,16.67,6,2025-10-25,202555102510,88.46,-600,fixed_predeclared,76.92,27.23,True,False
69,R069,E,EV+オッズ帯,EV > 1.2 AND 単勝オッズ 2〜20,2,1.2,,2.0,20.0,複勝,8,8,0,0,53,53,36,67.92,0.5452,6840,129.06,1540,5,62.5,5,3,6.5,4,9,130.42,85.71,201.67,34.08,450,6.58,4,2025-05-03,202535050303,122.88,1190,fixed_predeclared,83.6,45.46,False,False
70,R070,E,EV+オッズ帯,EV > 1.2 AND 単勝オッズ 2〜10,2,1.2,,2.0,10.0,単勝,8,8,0,0,48,48,13,27.08,0.1657,5520,115.0,720,4,50.0,4,4,6.0,4,8,94.91,0.0,388.33,100.0,920,16.67,6,2025-10-25,202555102510,97.87,-100,fixed_predeclared,76.92,38.08,True,False
70,R070,E,EV+オッズ帯,EV > 1.2 AND 単勝オッズ 2〜10,2,1.2,,2.0,10.0,複勝,8,8,0,0,48,48,33,68.75,0.5467,6030,125.63,1230,6,75.0,6,2,6.0,4,8,130.42,41.43,227.5,32.84,450,7.46,4,2025-05-03,202535050303,118.72,880,fixed_predeclared,83.6,42.03,False,False
71,R071,E,EV+オッズ帯,EV > 1.2 AND 単勝オッズ 3〜12,2,1.2,,3.0,12.0,単勝,8,8,0,0,44,44,9,20.45,0.1115,4490,102.05,90,4,50.0,4,4,5.0,4,9,97.57,0.0,445.0,103.46,920,20.49,6,2025-10-25,202555102510,83.02,-730,fixed_predeclared,76.92,25.13,True,False
71,R071,E,EV+オッズ帯,EV > 1.2 AND 単勝オッズ 3〜12,2,1.2,,3.0,12.0,複勝,8,8,0,0,44,44,28,63.64,0.4887,5460,124.09,1060,6,75.0,5,2,5.0,4,9,130.42,60.0,220.0,45.83,450,8.24,4,2025-05-03,202535050303,116.51,710,fixed_predeclared,83.6,40.49,False,False
72,R072,E,EV+オッズ帯,EV > 1.25 AND 単勝オッズ 1.5〜30,2,1.25,,1.5,30.0,単勝,8,8,0,0,48,48,13,27.08,0.1657,7570,157.71,2770,4,50.0,4,4,6.0,3,9,142.78,0.0,428.57,199.64,2450,32.36,1,2024-09-24,202443092406,108.94,420,fixed_predeclared,76.92,80.79,True,False
72,R072,E,EV+オッズ帯,EV > 1.25 AND 単勝オッズ 1.5〜30,2,1.25,,1.5,30.0,複勝,8,8,0,0,48,48,35,72.92,0.59,7980,166.25,3180,8,100.0,7,0,6.0,3,9,161.11,100.0,246.67,80.0,1090,13.66,1,2024-09-24,202443092406,146.6,2190,fixed_predeclared,83.6,82.65,False,False
73,R073,E,EV+オッズ帯,EV > 1.25 AND 単勝オッズ 2〜20,2,1.25,,2.0,20.0,単勝,8,8,0,0,44,44,11,25.0,0.1457,4930,112.05,530,3,37.5,3,5,5.0,3,9,95.28,0.0,466.0,152.46,920,18.66,6,2025-10-25,202555102510,93.26,-290,fixed_predeclared,76.92,35.13,True,False
73,R073,E,EV+オッズ帯,EV > 1.25 AND 単勝オッズ 2〜20,2,1.25,,2.0,20.0,複勝,8,8,0,0,44,44,31,70.45,0.5578,5980,135.91,1580,8,100.0,6,0,5.0,3,9,141.11,100.0,196.67,33.96,450,7.53,4,2025-05-03,202535050303,128.6,1230,fixed_predeclared,83.6,52.31,False,False
74,R074,E,EV+オッズ帯,EV > 1.25 AND 単勝オッズ 2〜10,2,1.25,,2.0,10.0,単勝,8,8,0,0,39,39,11,28.21,0.1654,4930,126.41,1030,4,50.0,4,4,5.0,2,8,101.46,0.0,466.0,180.56,920,18.66,6,2025-10-25,202555102510,105.53,210,fixed_predeclared,76.92,49.49,False,False
74,R074,E,EV+オッズ帯,EV > 1.25 AND 単勝オッズ 2〜10,2,1.25,,2.0,10.0,複勝,8,8,0,0,39,39,28,71.79,0.5622,5170,132.56,1270,7,87.5,6,1,5.0,2,8,132.5,48.33,295.0,31.13,450,8.7,4,2025-05-03,202535050303,124.21,920,fixed_predeclared,83.6,48.96,False,False
75,R075,E,EV+オッズ帯,EV > 1.25 AND 単勝オッズ 3〜12,2,1.25,,3.0,12.0,単勝,8,8,0,0,37,37,8,21.62,0.1139,4170,112.7,470,4,50.0,4,4,4.0,3,8,106.07,0.0,593.33,138.83,920,22.06,6,2025-10-25,202555102510,90.28,-350,fixed_predeclared,76.92,35.78,True,False
75,R075,E,EV+オッズ帯,EV > 1.25 AND 単勝オッズ 3〜12,2,1.25,,3.0,12.0,複勝,8,8,0,0,37,37,25,67.57,0.5146,4920,132.97,1220,7,87.5,7,1,4.0,3,8,132.14,75.0,206.67,31.0,450,9.15,4,2025-05-03,202535050303,124.17,870,fixed_predeclared,83.6,49.37,False,False
76,R076,E,EV+オッズ帯,EV > 1.3 AND 単勝オッズ 1.5〜30,2,1.3,,1.5,30.0,単勝,8,8,0,0,42,42,10,23.81,0.1348,6530,155.48,2330,4,50.0,4,4,4.5,3,9,142.78,0.0,612.5,199.72,2450,37.52,1,2024-09-24,202443092406,99.51,-20,fixed_predeclared,76.92,78.56,True,False
76,R076,E,EV+オッズ帯,EV > 1.3 AND 単勝オッズ 1.5〜30,2,1.3,,1.5,30.0,複勝,8,8,0,0,42,42,30,71.43,0.5643,7120,169.52,2920,8,100.0,8,0,4.5,3,9,161.11,103.33,305.0,69.4,1090,15.31,1,2024-09-24,202443092406,147.07,1930,fixed_predeclared,83.6,85.92,False,False
77,R077,E,EV+オッズ帯,EV > 1.3 AND 単勝オッズ 2〜20,2,1.3,,2.0,20.0,単勝,8,8,0,0,38,38,8,21.05,0.1107,3890,102.37,90,3,37.5,3,5,4.0,3,9,49.45,0.0,460.0,147.88,920,23.65,6,2025-10-25,202555102510,80.27,-730,fixed_predeclared,76.92,25.45,True,False
77,R077,E,EV+オッズ帯,EV > 1.3 AND 単勝オッズ 2〜20,2,1.3,,2.0,20.0,複勝,8,8,0,0,38,38,26,68.42,0.5254,5120,134.74,1320,7,87.5,7,1,4.0,3,9,138.61,43.33,196.67,29.17,450,8.79,4,2025-05-03,202535050303,126.22,970,fixed_predeclared,83.6,51.14,False,False
78,R078,E,EV+オッズ帯,EV > 1.3 AND 単勝オッズ 2〜10,2,1.3,,2.0,10.0,単勝,8,8,0,0,33,33,8,24.24,0.1283,3890,117.88,590,4,50.0,4,4,3.5,2,8,55.62,0.0,460.0,184.58,920,23.65,6,2025-10-25,202555102510,92.81,-230,fixed_predeclared,76.92,40.96,True,False
78,R078,E,EV+オッズ帯,EV > 1.3 AND 単勝オッズ 2〜10,2,1.3,,2.0,10.0,複勝,8,8,0,0,33,33,23,69.7,0.5266,4310,130.61,1010,6,75.0,6,2,3.5,2,8,150.83,43.33,295.0,47.23,450,10.44,4,2025-05-03,202535050303,120.62,660,fixed_predeclared,83.6,47.01,False,False
79,R079,E,EV+オッズ帯,EV > 1.3 AND 単勝オッズ 3〜12,2,1.3,,3.0,12.0,単勝,8,6,0,0,33,33,6,18.18,0.0861,3340,101.21,40,4,50.0,4,4,3.0,2,8,63.57,0.0,645.0,142.16,920,27.54,6,2025-10-25,202555102510,75.62,-780,fixed_predeclared,76.92,24.29,True,False
79,R079,E,EV+オッズ帯,EV > 1.3 AND 単勝オッズ 3〜12,2,1.3,,3.0,12.0,複勝,8,6,0,0,33,33,22,66.67,0.4961,4360,132.12,1060,7,87.5,7,1,3.0,2,8,150.48,43.33,196.67,34.34,450,10.32,4,2025-05-03,202535050303,122.19,710,fixed_predeclared,83.6,48.52,False,False
